x,y,z
1.871,2.415,0.186
2.005,3.864,0.286
3.473,4.277,0.247
4.357,3.509,0.627
1.356,4.369,1.576
-0.056,4.264,1.512
2.517,1.841,0.648
1.497,4.303,-0.559
1.711,3.781,2.409
1.622,5.405,1.728
-0.347,3.522,2.047
3.726,5.496,-0.217
5.086,6.015,-0.306
5.737,6.073,1.072
6.824,5.532,1.279
5.081,7.408,-0.939
6.134,7.589,-2.019
6.73,8.986,-1.989
6.171,9.855,-3.105
7.222,10.243,-4.086
2.978,6.062,-0.505
5.655,5.346,-0.932
4.111,7.588,-1.378
5.259,8.142,-0.166
6.924,6.869,-1.863
5.678,7.422,-2.985
6.499,9.446,-1.039
7.802,8.913,-2.104
5.397,9.305,-3.618
5.749,10.749,-2.669
7.379,11.27,-4.053
6.927,9.979,-5.048
8.115,9.759,-3.863
5.067,6.731,2.011
5.58,6.859,3.371
7.024,7.35,3.364
7.847,6.903,4.164
5.489,5.517,4.099
5.737,5.554,5.607
4.452,5.264,6.367
6.823,4.56,5.994
4.206,7.141,1.786
4.969,7.582,3.889
4.5,5.119,3.936
6.22,4.853,3.659
6.074,6.543,5.887
4.322,4.197,6.46
3.614,5.684,5.83
4.507,5.708,7.35
6.898,3.796,5.234
6.572,4.102,6.94
7.768,5.075,6.082
7.325,8.274,2.457
8.669,8.828,2.347
8.888,9.935,3.374
10.002,10.136,3.859
8.904,9.372,0.937
10.299,9.933,0.657
10.859,9.352,-0.632
10.259,11.452,0.586
6.627,8.591,1.847
9.373,8.032,2.539
8.725,8.569,0.239
8.188,10.163,0.765
10.961,9.652,1.465
11.465,8.488,-0.404
11.465,10.096,-1.128
10.045,9.061,-1.279
11.239,11.827,0.332
9.96,11.85,1.546
9.549,11.759,-0.168
7.817,10.649,3.703
7.89,11.734,4.675
8.324,11.214,6.041
9.125,11.843,6.73
6.535,12.435,4.79
6.333,13.658,3.896
7.27,14.782,4.31
6.55,13.293,2.435
6.956,10.442,3.284
8.624,12.444,4.324
5.769,11.715,4.543
6.413,12.75,5.817
5.318,14.013,4.006
8.025,14.394,4.977
6.706,15.553,4.815
7.742,15.199,3.433
6.108,12.327,2.237
7.61,13.253,2.227
6.086,14.037,1.805
7.79,10.059,6.426
8.124,9.452,7.709
9.628,9.232,7.832
10.176,9.214,8.934
7.387,8.121,7.875
7.059,7.818,9.324
6.482,8.647,10.028
7.427,6.625,9.777
7.157,9.604,5.832
7.806,10.129,8.488
6.463,8.157,7.316
8.005,7.324,7.49
7.883,6.016,9.159
7.227,6.403,10.71
10.292,9.066,6.692
11.727,8.85,6.694
12.508,10.142,6.554
13.554,10.314,7.18
9.803,9.09,5.843
12.007,8.371,7.62
11.982,8.198,5.872
12.001,11.051,5.729
12.659,12.333,5.506
12.636,13.184,6.772
13.5,14.036,6.976
11.981,13.086,4.359
12.948,13.784,3.446
13.735,14.824,3.912
13.071,13.398,2.121
14.625,15.468,3.073
13.959,14.038,1.277
14.738,15.074,1.754
11.164,10.855,5.258
13.686,12.136,5.238
11.411,12.387,3.767
11.316,13.83,4.771
13.649,15.133,4.944
12.461,12.588,1.746
15.233,16.277,3.449
14.045,13.727,0.246
15.432,15.575,1.097
11.64,12.946,7.619
11.503,13.689,8.866
12.803,13.655,9.665
13.336,14.697,10.046
10.36,13.115,9.704
9.55,14.195,10.396
9.079,15.12,9.702
9.387,14.113,11.631
10.982,12.254,7.4
11.275,14.715,8.618
9.699,12.552,9.061
10.769,12.458,10.457
13.305,12.451,9.916
14.542,12.28,10.669
15.686,13.05,10.017
16.643,13.443,10.684
14.901,10.797,10.772
15.646,10.469,12.051
16.229,11.396,12.652
15.647,9.286,12.45
12.833,11.658,9.585
14.382,12.672,11.662
13.994,10.211,10.746
15.525,10.526,9.933
15.581,13.261,8.709
16.606,13.983,7.966
16.428,15.49,8.106
17.399,16.227,8.283
16.583,13.611,6.471
17.721,14.299,5.732
16.658,12.102,6.296
14.794,12.923,8.232
17.569,13.705,8.369
15.65,13.955,6.05
17.544,15.364,5.712
18.654,14.097,6.238
17.771,13.924,4.72
15.687,11.67,6.486
16.964,11.871,5.286
17.377,11.694,6.991
15.181,15.943,8.027
14.874,17.364,8.147
15.419,17.929,9.455
15.696,19.124,9.559
13.364,17.59,8.07
12.935,18.369,6.864
12.583,19.701,6.915
12.805,17.996,5.57
12.253,20.113,5.704
12.38,19.098,4.869
14.45,15.306,7.885
15.348,17.876,7.323
12.865,16.632,8.04
13.042,18.131,8.947
12.574,20.26,7.719
13,17.013,5.162
11.934,21.111,5.441
15.569,17.062,10.451
16.079,17.475,11.754
17.603,17.419,11.784
18.258,18.307,12.333
15.503,16.584,12.856
15.734,17.119,14.241
15.502,18.453,14.53
16.185,16.286,15.252
15.713,18.948,15.803
16.398,16.775,16.527
16.163,18.108,16.803
15.331,16.122,10.307
15.764,18.493,11.924
14.437,16.489,12.712
15.959,15.608,12.795
15.15,19.112,13.748
16.37,15.244,15.038
15.529,19.991,16.015
16.75,16.116,17.307
16.328,18.492,17.798
18.163,16.371,11.19
19.61,16.198,11.148
20.294,17.451,10.612
21.368,17.832,11.075
19.975,14.993,10.279
20.248,13.686,11.024
20.544,12.563,10.041
21.401,13.86,12.001
17.589,15.697,10.769
19.952,16.02,12.157
19.158,14.819,9.595
20.863,15.247,9.718
19.368,13.41,11.589
19.617,12.114,9.718
21.158,11.816,10.523
21.069,12.963,9.186
22.109,13.055,11.868
21.021,13.842,13.013
21.89,14.804,11.816
19.661,18.092,9.633
20.222,19.297,9.051
20.579,20.334,10.097
21.751,20.661,10.282
18.806,17.742,9.303
21.112,19.037,8.498
19.499,19.724,8.37
19.566,20.854,10.783
19.779,21.864,11.813
20.828,21.401,12.819
21.561,22.212,13.385
18.465,22.172,12.535
17.897,23.382,12.065
18.654,20.552,10.59
20.132,22.762,11.329
17.766,21.368,12.361
18.653,22.263,13.595
16.949,23.372,12.22
20.894,20.092,13.037
21.853,19.52,13.975
23.277,19.651,13.444
24.164,20.156,14.132
21.527,18.048,14.236
21.483,17.72,15.716
22.511,17.44,16.332
20.287,17.753,16.294
20.283,19.496,12.556
21.776,20.067,14.902
20.563,17.818,13.807
22.28,17.43,13.771
19.512,17.984,15.74
20.23,17.545,17.25
23.489,19.192,12.214
24.805,19.258,11.59
25.342,20.685,11.591
26.554,20.902,11.586
24.765,18.738,10.14
26.169,18.668,9.559
24.086,17.378,10.082
22.742,18.8,11.715
25.476,18.63,12.157
24.187,19.431,9.546
26.114,18.372,8.522
26.638,19.638,9.634
26.75,17.943,10.109
24.744,16.668,9.602
23.864,17.042,11.084
23.169,17.457,9.518
24.433,21.654,11.598
24.816,23.061,11.602
25.133,23.534,13.017
26.051,24.327,13.225
23.699,23.918,11.004
24.024,25.402,10.968
22.559,26.429,10.741
22.457,27.232,12.339
23.482,21.418,11.602
25.702,23.165,10.994
23.51,23.588,9.994
22.803,23.782,11.592
24.497,25.677,11.899
24.707,25.587,10.152
23.45,27.345,12.749
22.001,28.204,12.225
21.859,26.629,13.007
24.368,23.042,13.987
24.569,23.416,15.382
25.875,22.838,15.918
26.509,23.421,16.796
23.395,22.933,16.236
23.627,23.083,17.73
22.454,23.728,18.441
21.929,24.737,17.924
22.06,23.226,19.514
23.652,22.413,13.759
24.619,24.493,15.432
22.514,23.499,15.971
23.218,21.889,16.024
23.793,22.105,18.156
24.504,23.695,17.886
26.269,21.686,15.383
27.498,21.028,15.81
28.717,21.681,15.164
29.78,21.777,15.777
27.456,19.54,15.456
27.304,19.273,13.968
27.344,17.794,13.634
27.187,16.971,14.56
27.533,17.46,12.445
25.72,21.27,14.687
27.576,21.131,16.881
28.371,19.076,15.793
26.621,19.085,15.969
26.358,19.675,13.637
28.107,19.768,13.442
28.554,22.127,13.922
29.64,22.77,13.193
29.74,24.248,13.555
30.797,24.863,13.41
29.433,22.615,11.685
30.625,22.006,10.966
30.58,22.23,9.467
31.396,22.966,8.913
29.623,21.593,8.802
27.683,22.022,13.487
30.561,22.281,13.472
28.575,21.981,11.515
29.241,23.588,11.259
31.529,22.452,11.353
30.64,20.943,11.157
29.007,21.023,9.31
29.569,21.72,7.833
28.634,24.812,14.027
28.597,26.218,14.411
29.227,26.423,15.785
29.731,27.504,16.094
27.155,26.73,14.415
27.072,28.222,14.668
27.923,28.963,14.134
26.155,28.65,15.402
27.823,24.269,14.12
29.165,26.776,13.682
26.703,26.521,13.457
26.602,26.22,15.189
29.193,25.38,16.607
29.76,25.446,17.95
31.256,25.149,17.924
32.002,25.596,18.795
29.048,24.457,18.874
28.249,25.069,20.025
27.114,25.928,19.49
27.71,23.979,20.94
28.778,24.546,16.305
29.61,26.448,18.324
28.367,23.874,18.273
29.797,23.805,19.3
28.901,25.705,20.609
26.31,25.952,20.21
26.753,25.51,18.562
27.473,26.932,19.316
27.668,24.349,21.954
28.363,23.119,20.898
26.719,23.696,20.617
31.687,24.394,16.919
33.094,24.038,16.78
33.825,25.048,15.9
35.033,25.246,16.038
33.231,22.635,16.185
32.843,22.554,14.718
34.068,22.469,13.822
34.789,21.212,13.998
35.631,20.714,13.099
35.855,21.365,11.965
36.249,19.564,13.332
31.044,24.067,16.256
33.538,24.047,17.764
34.258,22.314,16.281
32.598,21.959,16.74
32.236,21.675,14.563
32.276,23.436,14.457
33.751,22.55,12.792
34.729,23.29,14.059
34.638,20.715,14.829
35.391,22.232,11.787
36.49,20.989,11.29
36.083,19.071,14.186
36.882,19.191,12.655
33.086,25.683,14.998
33.664,26.673,14.096
34.192,27.875,14.875
35.213,28.46,14.514
32.624,27.131,13.073
33.149,28.223,12.162
33.863,27.893,11.192
32.847,29.407,12.419
32.129,25.482,14.937
34.487,26.208,13.576
32.334,26.287,12.462
31.757,27.508,13.594
33.489,28.236,15.943
33.888,29.367,16.772
35.31,29.194,17.292
36.001,30.17,17.58
32.935,29.552,17.967
31.5,29.761,17.477
33.383,30.726,18.825
30.456,29.517,18.544
32.685,27.73,16.18
33.845,30.258,16.162
32.975,28.659,18.572
31.389,30.776,17.131
31.305,29.082,16.659
33.386,31.627,18.23
32.702,30.846,19.655
34.378,30.539,19.2
30.637,28.562,19.014
30.508,30.3,19.285
29.474,29.514,18.092
35.744,27.942,17.407
37.084,27.663,17.891
38.107,27.623,16.773
39.299,27.826,17.007
35.15,27.202,17.162
37.367,28.429,18.597
37.08,26.707,18.394
37.642,27.359,15.557
38.526,27.292,14.4
38.575,28.629,13.667
39.389,28.825,12.765
38.081,26.195,13.414
37.79,24.893,14.163
39.148,25.974,12.351
37.305,23.776,13.267
36.682,27.206,15.434
39.518,27.051,14.752
37.181,26.529,12.922
38.691,24.558,14.652
37.029,25.078,14.907
38.742,26.215,11.38
39.995,26.612,12.555
39.462,24.942,12.365
36.527,24.148,12.616
38.127,23.407,12.672
36.911,22.973,13.873
37.698,29.546,14.063
37.639,30.865,13.443
38.085,31.946,14.423
38.115,33.13,14.086
36.22,31.159,12.953
36.178,31.257,11.54
37.074,29.33,14.788
38.31,30.863,12.597
35.562,30.362,13.266
35.882,32.093,13.377
36.242,30.379,11.156
38.43,31.53,15.636
38.876,32.462,16.666
39.981,33.37,16.136
40.69,33.036,15.186
39.372,31.698,17.895
38.496,31.926,19.111
37.278,32.136,18.934
39.03,31.896,20.239
38.385,30.573,15.844
38.032,33.071,16.949
39.38,30.64,17.674
40.376,32.02,18.13
40.132,34.546,16.762
41.149,35.527,16.37
42.563,35.059,16.698
43.466,35.156,15.868
40.789,36.762,17.199
40.065,36.224,18.385
39.323,35.009,17.902
41.085,35.765,15.319
41.692,37.281,17.488
40.16,37.419,16.618
40.772,35.951,19.154
39.371,36.963,18.758
39.283,34.258,18.677
38.327,35.278,17.582
42.746,34.551,17.913
44.051,34.068,18.349
44.616,33.055,17.359
45.832,32.902,17.237
43.946,33.438,19.739
43.724,34.45,20.851
44.798,34.389,21.919
45.107,33.32,22.445
45.375,35.54,22.245
41.987,34.5,18.529
44.718,34.915,18.398
43.121,32.742,19.744
44.86,32.902,19.948
43.72,35.441,20.423
42.767,34.254,21.312
45.077,36.353,21.784
46.072,35.53,22.932
43.725,32.363,16.655
44.135,31.364,15.675
45.152,31.946,14.698
46.075,31.256,14.264
42.919,30.839,14.911
42.935,29.356,14.706
41.819,28.635,14.335
43.94,28.456,14.822
42.137,27.357,14.232
43.418,27.222,14.522
42.77,32.53,16.798
44.595,30.545,16.208
42.023,31.088,15.46
42.883,31.309,13.939
40.927,29.006,14.172
44.963,28.669,15.098
41.464,26.559,13.957
44.977,33.218,14.357
45.878,33.892,13.43
47.279,34.011,14.023
48.277,33.848,13.321
45.34,35.281,13.081
44.164,35.255,12.119
44.393,36.179,10.934
43.188,36.924,10.579
42.105,36.363,10.054
42.076,35.058,9.823
41.047,37.108,9.758
44.222,33.716,14.736
45.931,33.299,12.528
45.022,35.77,13.99
46.133,35.858,12.63
44.031,34.247,11.754
43.275,35.57,12.644
45.176,36.879,11.186
44.701,35.586,10.086
43.188,37.891,10.741
42.871,34.494,10.046
41.259,34.637,9.429
41.065,38.092,9.931
40.233,36.685,9.363
47.344,34.296,15.319
48.622,34.439,16.006
49.307,33.085,16.167
50.535,32.993,16.163
48.418,35.086,17.378
48.585,36.596,17.369
47.704,37.26,18.416
47.552,38.692,18.176
47.122,39.55,19.095
46.805,39.122,20.309
47.01,40.839,18.8
46.513,34.415,15.826
49.252,35.078,15.407
47.422,34.857,17.726
49.137,34.67,18.068
49.617,36.837,17.579
48.316,36.973,16.394
46.729,36.795,18.394
48.15,37.112,19.388
47.781,39.03,17.285
46.889,38.152,20.534
46.483,39.771,20.999
47.249,41.165,17.886
46.687,41.484,19.492
48.505,32.035,16.31
49.032,30.685,16.472
49.362,30.064,15.118
50.172,29.14,15.029
48.022,29.807,17.215
47.744,30.269,18.635
46.81,29.314,19.359
45.664,30.056,20.029
44.694,29.12,20.663
47.534,32.172,16.306
49.938,30.75,17.055
47.091,29.809,16.669
48.404,28.797,17.256
48.677,30.323,19.176
47.287,31.249,18.602
46.402,28.613,18.646
47.371,28.779,20.113
46.069,30.708,20.787
45.149,30.644,19.285
43.784,29.601,20.818
45.06,28.793,21.58
44.539,28.296,20.05
48.732,30.578,14.068
48.961,30.075,12.718
50.117,30.811,12.05
50.741,30.297,11.121
47.692,30.224,11.875
47.612,29.349,10.624
46.342,28.513,10.638
47.673,30.207,9.368
48.099,31.313,14.202
49.212,29.027,12.793
46.849,29.981,12.503
47.623,31.256,11.564
48.456,28.673,10.609
46.225,28.053,11.607
46.407,27.746,9.881
45.491,29.147,10.434
46.675,30.518,9.096
48.104,29.634,8.561
48.282,31.079,9.558
50.4,32.017,12.531
51.484,32.825,11.983
52.842,32.251,12.374
53.715,32.065,11.526
51.368,34.269,12.472
51.189,35.333,11.389
52.379,35.337,10.442
49.896,35.099,10.621
49.868,32.373,13.272
51.397,32.81,10.907
50.519,34.326,13.136
52.269,34.504,13.022
51.13,36.307,11.855
52.31,36.188,9.781
52.38,34.428,9.86
53.293,35.398,11.015
49.345,34.292,11.082
50.127,34.838,9.598
49.299,35.998,10.638
53.012,31.97,13.662
54.263,31.416,14.164
54.465,29.988,13.666
55.593,29.505,13.577
54.28,31.442,15.694
55.027,32.632,16.274
54.103,33.771,16.656
53.014,33.916,16.1
54.533,34.588,17.611
52.279,32.141,14.289
55.07,32.03,13.794
53.262,31.473,16.052
54.752,30.539,16.052
55.561,32.31,17.156
55.732,32.99,15.539
55.412,34.412,18.008
53.957,35.333,17.877
53.364,29.318,13.343
53.42,27.947,12.852
53.642,27.912,11.344
54.231,26.97,10.815
52.144,27.203,13.217
52.493,29.758,13.435
54.248,27.452,13.339
52.219,26.838,14.231
51.301,27.873,13.136
52.008,26.37,12.544
53.165,28.945,10.656
53.313,29.033,9.209
54.647,29.666,8.831
55.156,29.453,7.73
52.161,29.826,8.608
52.704,29.666,11.134
53.275,28.03,8.808
52.166,30.828,9.011
52.275,29.868,7.535
51.227,29.344,8.852
55.209,30.445,9.749
56.484,31.11,9.511
57.623,30.096,9.446
58.56,30.292,8.674
56.762,32.135,10.612
56.113,33.487,10.363
57.123,34.619,10.469
56.489,35.93,10.358
57.159,37.076,10.401
58.477,37.072,10.552
56.512,38.229,10.292
54.755,30.576,10.608
56.419,31.622,8.562
56.391,31.749,11.55
57.829,32.282,10.689
55.684,33.493,9.372
55.334,33.641,11.095
57.621,34.55,11.425
57.848,34.511,9.677
55.516,35.956,10.245
58.967,36.205,10.633
58.979,37.936,10.583
55.519,38.236,10.178
57.017,39.091,10.325
