i,j,d
1,2,1.48558607963322
1,3,2.48548466098667
1,4,2.71886906635829
1,5,2.44899448753973
1,6,3.79907212355859
1,7,4.43656274609072
1,8,4.81197059425762
1,13,1.0394320564616
1,14,1.04082082992223
1,15,1.03892540636949
1,16,2.09701955164944
1,17,2.53552085378922
1,18,2.81926479777973
1,19,4.13854104727741
1,20,4.82791890984097
1,24,3.69229752322318
1,25,4.89909848849765
1,28,3.97141083243726
1,30,4.91966401291796
1,45,4.97446680559837
1,47,3.85192237720336
1,48,4.33269869711707
1,56,2.85677825530789
1,57,3.89684487759007
2,3,1.52531898303273
2,4,2.40204017451832
2,5,1.52950645634466
2,6,2.54768699019326
2,7,3.26353014387794
2,8,3.50095915428901
2,9,4.51904027421752
2,10,4.69417862889771
2,13,2.05619381382203
2,14,2.05656655618047
2,15,2.05621059232755
2,16,1.07973561578749
2,17,2.14023082867246
2,18,2.13941160135211
2,19,3.21794872550822
2,20,3.63455898287536
2,24,2.42308625517128
2,25,3.78665340373264
2,26,4.84374245805864
2,28,2.52960589815884
2,29,4.20867687046654
2,30,4.05286960066568
2,31,4.75700998527436
2,35,3.98884707653728
2,45,4.3779065773495
2,47,3.38148162792584
2,48,3.95564684975795
2,54,4.47306829815955
2,56,2.49722766282932
2,57,3.70974796987612
3,4,1.23147919186643
3,5,2.50338490847892
3,6,3.17637324632984
3,7,4.11573723651061
3,8,3.58322717672212
3,10,4.72191073613214
3,13,2.68490912322931
3,14,2.65968832760532
3,15,3.37063436165954
3,16,2.1372741985997
3,17,3.41767084430318
3,18,2.60488963297872
3,19,4.35927952762839
3,20,3.41726220825971
3,24,1.32769763123988
3,25,2.41593749919157
3,26,3.68105378933805
3,27,4.75740622608581
3,28,1.99465936941624
3,29,2.85117396873639
3,30,2.57696138892301
3,31,3.91900165858602
3,35,3.36494056411105
3,45,4.19838611849839
3,46,4.30758888474748
3,47,3.0610204180959
3,48,3.13402137835721
3,54,4.6269408900482
3,55,4.80353172155655
3,56,2.58796638308924
3,57,2.7416458560507
4,5,3.40811164723223
4,6,4.2994155416754
4,8,4.61070905609972
4,13,2.61366677294563
4,14,2.64656324315139
4,15,3.7449364480589
4,16,3.1191367395483
4,17,4.21739504907947
4,18,3.24686479546038
4,20,4.23141749299215
4,24,2.24999866666627
4,25,2.75402269416939
4,26,4.19001121716876
4,28,3.11021623042515
4,29,3.02998679865111
4,30,2.49091970966549
4,31,4.67584099387479
4,35,4.25495193862398
4,45,4.6854601695031
4,46,4.15134110860575
4,47,3.38193716677291
4,48,3.01003970073486
4,55,4.42059747093082
4,56,3.03529685533392
4,57,2.23184699296345
5,6,1.51162263809457
5,7,2.52538333723813
5,8,2.52280577928623
5,9,3.80125676586047
5,10,3.79959747868113
5,11,4.29288213208795
5,13,2.62333470986834
5,14,3.34716267904624
5,15,2.62704853400161
5,16,2.14222524492641
5,17,1.07851101060675
5,18,1.07934702482566
5,19,2.71682498516191
5,20,2.71112688747687
5,21,4.66223755293529
5,22,4.65848516150905
5,24,3.00398485349044
5,25,4.34160362078345
5,28,2.83242475628215
5,29,4.48122896089901
5,30,4.889434527632
5,35,4.58759860929441
5,47,4.80030353206961
5,56,3.95592795687687
6,7,1.38898164134736
6,8,1.38964527847937
6,9,2.41272750222647
6,10,2.41332094840284
6,11,2.78126410108785
6,12,4.15692807250739
6,13,4.09883178478942
6,14,4.56809073902872
6,15,3.91980037757027
6,16,2.67139776147245
6,17,2.10854760439503
6,18,2.10942859561541
6,19,2.13447628236999
6,20,2.13409606156799
6,21,3.38801180635487
6,22,3.38760962922235
6,23,4.56818749615206
6,24,3.0215972597287
6,25,4.27365897095217
6,26,4.8598113132096
6,28,2.41502401644373
6,29,4.42842793776753
6,31,4.62598886725855
6,35,4.01407847456923
6,56,4.50317054973493
7,8,2.38468572352836
7,9,1.38262576281509
7,10,2.760136590823
7,11,2.38730433753219
7,12,3.6450197530329
7,13,4.96668964200502
7,15,4.31894674660385
7,16,2.92321022165701
7,17,2.70025276594618
7,18,3.37003427282276
7,19,1.07948274650408
7,20,3.36259988699221
7,21,2.13766554914467
7,22,3.83931465238264
7,23,4.20718064741699
7,24,3.88049764849819
7,28,3.07803784902005
7,31,4.88589162794264
7,35,4.17414614023036
7,56,4.71991811369647
7,72,4.79565824470427
8,9,2.75957641677124
8,10,1.38243770203217
8,11,2.38720631701577
8,12,3.643776749473
8,13,4.929660637407
8,16,3.76075178654481
8,17,3.27483908001599
8,18,2.57921480299722
8,19,3.36351676077287
8,20,1.07901065796404
8,21,3.8394720991303
8,22,2.13637941386824
8,23,3.88912470872303
8,24,3.04804461909599
8,25,3.92711840921559
8,26,4.36561129740154
8,28,2.47358868852524
8,29,3.82790882859036
8,30,4.88822043283647
8,31,4.35019850121808
8,35,4.01677457669708
9,10,2.39252251818034
9,11,1.3785282006546
9,12,2.38395826305747
9,16,4.10433137063761
9,17,4.0347248976851
9,18,4.51071047618887
9,19,2.1354795714312
9,20,3.83858645858081
9,21,1.07990277340138
9,22,3.37228364761922
9,23,3.03559895243097
9,24,4.59612597738574
9,28,3.66622244278767
9,31,4.90232118490823
9,35,4.34420372450464
9,36,4.67908580814671
9,69,4.92285770665779
9,72,4.8016672104593
10,11,1.37910985784309
10,12,2.38259627297618
10,16,4.73973543565461
10,17,4.4410279215515
10,18,3.95299139892816
10,19,3.83961781952319
10,20,2.13534119053607
10,21,3.37247179380347
10,22,1.0791909006288
10,23,2.57545355228938
10,24,3.91693630277542
10,25,4.56312710758751
10,26,4.55433200370812
10,28,3.17473069724032
10,29,4.48856123941737
10,31,4.36768737434354
10,32,4.98093224206072
10,35,4.19356626274106
10,36,4.47828717256944
11,12,1.37566456667314
11,16,4.87405580599976
11,17,4.73742007848154
11,18,4.73541392066206
11,19,3.36511946296116
11,20,3.3650304604862
11,21,2.13802104760454
11,22,2.13885319739341
11,23,1.92290951425178
11,24,4.606398376172
11,28,3.70220083193767
11,31,4.64878661588161
11,35,4.35048158253773
11,36,4.28286166015201
12,19,4.5162823206704
12,20,4.51480066005134
12,21,2.62293023163027
12,22,2.62166054248066
12,23,0.960001041666102
12,28,4.82874662826701
12,36,4.33263487960848
13,14,1.71615005171459
13,15,1.71353114941048
13,16,2.94312554947967
13,17,2.74054976236521
13,18,2.58163223562149
13,19,4.80525764137575
13,20,4.73534349334871
13,24,3.95202150803864
13,28,4.36007649015473
13,47,4.59647484492192
13,48,4.82960919744031
13,56,3.69361516674382
13,57,4.19152704870194
14,15,1.71644574630252
14,16,2.38201490339586
14,17,3.521422155891
14,18,3.72594283369995
14,19,4.76992725311403
14,24,3.87562911022198
14,25,4.94230573720404
14,28,4.26526669740592
14,30,4.75566294011676
14,45,4.42242150863076
14,47,3.24148700444719
14,48,3.65468165508297
14,54,4.63320126910109
14,56,2.31371432981689
14,57,3.23053741659186
15,16,2.36175887846325
15,17,2.28372809239629
15,18,3.17892340266323
15,19,3.81201547740824
15,24,4.45764253838282
15,28,4.55593393279578
15,47,4.43878249072874
15,56,3.37201097269864
15,57,4.80680538403626
16,17,2.56890424111137
16,18,3.0130723522677
16,19,2.69340546520571
16,20,4.15110226325491
16,21,4.69268260166826
16,24,2.66257882512424
16,25,4.05254056117888
16,26,4.83553099462717
16,28,2.50291410160237
16,29,4.67506855564707
16,30,4.32842292295935
16,31,4.45912558692845
16,35,3.5659312949074
16,43,4.91683963537555
16,45,3.63051112104067
16,47,2.88638614880269
16,48,3.79543633855187
16,49,4.61109325431616
16,54,3.54537007941343
16,56,1.98299495712924
16,57,3.8441772851938
17,18,1.75966303592478
17,19,2.56608300723106
17,20,3.56403409074605
17,21,4.75069563327309
17,24,4.03475141737381
17,28,3.81420581510752
17,56,4.43496178112055
18,19,3.72108048824532
18,20,2.3334363072516
18,22,4.62608106284358
18,24,3.14266463371452
18,25,4.26390595581094
18,28,3.18793004942078
18,29,4.15379477104972
18,30,4.80852888106123
18,56,4.59469955492195
19,20,4.25439220100827
19,21,2.45851601581116
19,22,4.91879721070101
19,24,4.37064263009457
19,28,3.6591482615494
19,35,4.63757555194522
19,54,4.93064600230031
19,56,4.46592700343389
19,72,4.17386212038682
20,21,4.91848248954899
20,22,2.45757298976043
20,23,4.64474014343106
20,24,2.9670011796425
20,25,3.61843543537811
20,26,4.28221788329366
20,27,4.97014396169769
20,28,2.71935819633972
20,29,3.25343602979988
20,30,4.54725356671475
20,31,4.58909696999312
20,35,4.38171267885059
21,22,4.26642274042318
21,23,3.32785591635215
21,28,4.52178161790239
21,35,4.90812245161019
21,36,4.97201508445017
21,69,4.1542303739682
21,72,4.18836555233662
22,23,2.54560523255276
22,24,4.42235649851977
22,25,4.76313405228112
22,26,4.61768957380203
22,28,3.79883166249835
22,29,4.51106251342187
22,31,4.61760392411476
22,35,4.66596410187648
22,36,4.62846810510778
24,25,1.44570363491277
24,26,2.46141950914508
24,27,3.57819773070187
24,28,0.974523986364625
24,29,2.06116229346454
24,30,2.06555827804495
24,31,2.70064196071971
24,32,4.1304973066206
24,35,2.2859006977557
24,36,4.4647443375853
24,37,4.64041754586804
24,38,4.94363803286608
24,43,4.85893877302441
24,44,4.89467404430571
24,45,4.10951006812248
24,46,4.21919743553202
24,47,3.27620954763275
24,48,3.34375193457888
24,49,4.30756648236565
24,54,4.546982625874
24,55,4.7237715863492
24,56,3.11499293739167
24,57,3.24318069185175
25,26,1.51647518937832
25,27,2.3907028255306
25,28,2.10500213776614
25,29,1.07837887590587
25,30,1.07932571543534
25,31,2.42136986022375
25,32,3.78475296419727
25,33,4.7065245139062
25,35,2.53535500472813
25,36,4.37826735136172
25,37,3.9944005808131
25,38,4.9644063089155
25,44,4.68821938479845
25,45,4.62848420111811
25,46,3.94264885578211
25,47,3.87469714945568
25,48,3.47295177046846
25,49,4.5826042814103
25,55,4.17117885015735
25,56,4.05426466822283
25,57,3.34519326795927
26,27,1.23028492634836
26,28,2.59943897793351
26,29,2.12618672745364
26,30,2.12778593848159
26,31,1.33089330902218
26,32,2.41821959300639
26,33,3.46748900502943
26,34,4.21937270219164
26,35,2.00341458515206
26,36,3.12897491201192
26,37,2.48646837904688
26,38,4.02906304244548
26,43,4.76553543686331
26,44,4.51075403896067
26,45,4.68626791807724
26,46,4.16812775715908
26,47,4.36053998949671
26,48,4.08811215599572
26,49,3.84543118518587
26,55,4.44193156183208
26,56,4.75739350905514
26,57,4.30691757525031
27,28,3.74742338147159
27,29,2.58507117890398
27,30,2.83228600250751
27,31,2.25125476123872
27,32,2.7507822523784
27,33,3.79937323778541
27,34,4.2375829195427
27,35,3.11768840649607
27,36,3.52012059452514
27,37,2.29664973385146
27,38,4.66699410756003
27,46,4.85893033496057
27,49,4.6924737612479
27,55,4.91424022611838
28,29,2.67695143773659
28,30,2.88609390006632
28,31,2.44348398807932
28,32,3.74638292223312
28,33,4.7058502951114
28,35,1.88748536418167
28,36,3.86451277653471
28,37,4.36762567077354
28,38,4.60475341359339
28,43,4.92283932299237
28,45,4.11704068476375
28,46,4.74487871288614
28,47,3.53995677939717
28,48,3.91248591051776
28,49,3.8806321649958
28,54,4.34933397200077
28,56,3.32198043341619
28,57,4.00102086972812
29,30,1.75737901432787
29,31,3.22412360184904
29,32,4.47585142738228
29,35,3.4444906735249
29,36,4.99535844559727
29,37,4.50151718868206
29,46,4.87379328654796
29,47,4.85715914913234
29,48,4.39269154391701
29,55,4.95604338156962
29,56,4.92512040461957
29,57,4.07622828114422
30,31,2.98709357068037
30,32,4.29539974856823
30,33,4.93480992541759
30,35,3.06335257520253
30,37,4.49828989728319
30,43,4.65181566702723
30,44,4.10081662599049
30,45,4.39781877753052
30,46,3.14798475218671
30,47,3.53094633207586
30,48,2.78166604753338
30,49,4.81592171863289
30,53,4.76065394667581
30,55,3.22054855575879
30,56,3.86296958310572
30,57,2.5492912740603
31,32,1.4500217239752
31,33,2.46956858580603
31,34,3.47099654278134
31,35,0.981228311862229
31,36,2.06651711824509
31,37,2.07052167339538
31,38,2.87188056854738
31,39,4.26321158283283
31,42,4.77543139412556
31,43,4.0566539167151
31,44,4.15847724533873
31,45,3.95401239249449
31,46,4.17095768379397
31,47,3.96813885845745
31,48,4.07753871839373
31,49,2.60369621883967
31,50,4.65306447408587
31,53,4.69508232089705
31,54,4.36881356892235
31,55,4.71563792079078
31,56,4.3897979452362
31,57,4.56749756431243
31,67,4.44010101236447
32,33,1.5153448452415
32,34,2.39118673465708
32,35,2.11756227771464
32,36,1.07845352241068
32,37,1.08038280252881
32,38,2.41482856534372
32,39,3.79113940656368
32,40,4.63726923954174
32,42,4.73421609139253
32,43,4.45193418639584
32,44,4.64615303234837
32,45,4.6467400400711
32,49,2.52381477133327
32,50,4.00184282549927
32,53,4.93290188428677
32,54,4.93371776655293
32,58,4.66894741885149
32,67,4.14019009225422
33,34,1.23070467619165
33,35,2.83523931970478
33,36,2.12158525635903
33,37,2.12597859819896
33,38,1.3273541351124
33,39,2.43235893732812
33,40,3.4088276577146
33,41,4.28242583123164
33,42,3.54885192703218
33,43,3.62722262895456
33,44,3.9066520193127
33,45,4.18920744294192
33,46,4.66131193978691
33,47,4.90103958359857
33,49,1.9971842679132
33,50,2.49821176043986
33,51,4.29046081441143
33,52,4.15532549868238
33,53,3.99746056891122
33,54,4.47825423574857
33,58,3.78458452145014
33,61,4.49904812154749
33,67,3.48843546593598
34,35,3.98182571190654
34,36,3.0118210438205
34,37,2.49876229361658
34,38,2.24958018305639
34,39,2.77479620873317
34,40,3.73492115043946
34,41,4.30407260626491
34,42,3.97668681190762
34,43,4.2677495240466
34,44,4.3233244153082
34,49,3.11330965372865
34,50,2.32715018853533
34,51,4.82956416253061
34,52,4.30252600224566
34,53,4.09704149356581
34,58,4.42166190475934
34,61,4.73465732656546
34,67,4.35860229890271
35,36,2.45227527002986
35,37,2.95663541885029
35,38,2.77607978991959
35,39,4.11475515674991
35,42,4.43739315364325
35,43,3.64042991966608
35,44,3.97945348006482
35,45,3.25365717309
35,46,3.98154856808252
35,47,3.25532963000677
35,48,3.6373917853319
35,49,2.19966474718308
35,50,4.70997791926884
35,51,4.88345963431664
35,53,4.69382498608544
35,54,3.55921522248936
35,55,4.69721513239494
35,56,3.56028917364868
35,57,4.17037180596647
35,58,4.75306827217956
35,67,3.92211601052289
36,37,1.756721093401
36,38,2.76101883369165
36,39,4.1293260951395
36,40,4.64181882455574
36,49,2.68845550456019
36,50,4.46820747056356
36,58,4.42527513268949
36,61,4.65878803982323
36,67,3.8804878559274
37,38,3.29702198961426
37,39,4.55130849316985
37,49,3.55639171070904
37,50,4.54299339642928
38,39,1.45468518931073
38,40,2.44394496664716
38,41,3.51707179340997
38,42,2.45423083673888
38,43,2.68701786372923
38,44,3.38491196340466
38,45,3.1715746877537
38,46,4.30135443784862
38,47,4.13408224398112
38,48,4.61769812785548
38,49,0.979468223068008
38,50,2.06297915646281
38,51,3.043636147768
38,52,3.26617957252812
38,53,3.6604133646352
38,54,3.30090805688374
38,56,4.83847289958309
38,58,2.73162680467153
38,59,4.14356537296083
38,60,4.67437728473002
38,61,4.16088103651138
38,62,4.89373415706248
38,63,4.91197689326813
38,67,2.37645555397108
38,68,4.73907100600951
38,69,4.85838666637393
38,71,4.04266446789738
39,40,1.52398622041015
39,41,2.40182867831992
39,42,1.53119691744726
39,43,2.54852388648802
39,44,3.36291540185001
39,45,3.3947384288042
39,46,4.59036480031816
39,47,4.61190427047223
39,49,2.11080719157388
39,50,1.07936370144637
39,51,2.13746906410362
39,52,2.14242526124017
39,53,3.3994854022337
39,54,3.45382121714486
39,58,2.4178515256318
39,59,3.79774999177144
39,60,4.47107705144968
39,61,4.08662378987839
39,62,4.82904493663084
39,63,4.84680554592404
39,67,2.52030950480293
39,68,4.07677948876316
39,71,3.93271267702079
39,73,4.5279030466652
40,41,1.23097237986886
40,42,2.49584254311044
40,43,3.73244129223756
40,44,4.76484774153383
40,45,4.27957532939893
40,49,2.82171242333445
40,50,2.13646624124979
40,51,2.45276130106458
40,52,3.06618035999189
40,53,4.84620356567901
40,54,3.9548457618471
40,58,1.32841484484328
40,59,2.43457039331378
40,60,3.11416762554619
40,61,2.95760443602589
40,62,3.69787033304306
40,63,4.02483117658368
40,65,4.99784613608702
40,66,4.29920667100338
40,67,1.99796246210984
40,68,2.62599333586359
40,69,4.10946298194789
40,70,4.50079737379945
40,71,3.32853646517505
40,72,4.83828502674243
40,73,4.09841871945754
41,42,3.25221109400974
41,43,4.66139238854658
41,49,4.01913697203765
41,50,2.55047309336915
41,51,3.18192096067768
41,52,3.47473524171267
41,58,2.25268439866751
41,59,2.77989136478388
41,60,3.16811442343865
41,61,3.02194324897077
41,62,4.24473626978167
41,63,4.75843598254721
41,66,4.20023463630307
41,67,3.11590516543749
41,68,2.59721196670584
41,69,4.77972499208898
41,70,4.82984285458647
41,71,4.20247379527821
41,73,4.67206817159168
42,43,1.50295775057052
42,44,2.51096873736014
42,45,2.50556680214278
42,46,3.78492655146702
42,47,3.77892167158834
42,48,4.27985058150398
42,49,2.71015626855722
42,50,2.14502074582042
42,51,1.07837563028844
42,52,1.08000462961971
42,53,2.70722533232829
42,54,2.6963703380656
42,55,4.64883705887827
42,56,4.63939877570359
42,58,3.16965518629393
42,59,4.47799698526026
42,63,4.86567816444943
42,65,4.83583684588304
42,67,3.12643503050999
42,68,4.55197220993275
42,71,3.82546533117214
42,73,3.75596405733601
43,44,1.38389811763728
43,45,1.38503826661937
43,46,2.40414745803996
43,47,2.40304494339994
43,48,2.77690781265781
43,49,2.64311123488967
43,50,3.13046737724577
43,51,2.09619798683235
43,52,2.10411644164481
43,53,2.13306610305447
43,54,2.13310313862223
43,55,3.3809838804703
43,56,3.37920301254601
43,57,3.85665282336899
43,58,4.10544419034043
43,67,3.71042342597176
43,71,4.2568440187538
43,73,4.24991882275415
44,45,2.38436763105021
44,46,1.38259502385912
44,47,2.7589093859712
44,48,2.39271164163173
44,49,3.52874297732209
44,50,3.56731075181291
44,51,3.32348822775108
44,52,2.62927860828783
44,53,1.07982452278136
44,54,3.36230293102808
44,55,2.13896470284107
44,56,3.8385946647178
44,57,3.37177594154772
44,67,4.93725024684793
45,46,2.75870005618588
45,47,1.37935419671671
45,48,2.39006401587907
45,49,2.66961382975141
45,50,4.2088888082248
45,51,2.58902008489699
45,52,3.30984788170091
45,53,3.36319253091464
45,54,1.07962308237644
45,55,3.83813848108689
45,56,2.13458520560787
45,57,3.36951865998691
45,58,4.21952449927714
45,63,4.72324856428285
45,65,4.75498527863126
45,67,3.58051015918123
45,71,3.70061481378433
45,72,4.89895448029475
45,73,3.85046763393747
45,75,4.71986662947164
46,47,2.39221361922384
46,48,1.38245650926168
46,49,4.2496962244377
46,50,4.84339065118642
46,51,4.4670897685182
46,52,3.98248402382232
46,53,2.13655470325475
46,54,3.83832307134248
46,55,1.0794392062548
46,56,3.37179922296687
46,57,2.13759257109488
47,48,1.38131965887697
47,49,3.56547135733832
47,51,3.94665237891558
47,52,4.46016692512736
47,53,3.83873390586011
47,54,2.13364992442528
47,55,3.37095253600522
47,56,1.07969254883045
47,57,2.1378975653665
47,67,4.72963983829636
47,71,4.76909509236291
47,73,4.93003722095483
48,49,4.2648871028434
48,51,4.71362376521504
48,52,4.72851361423439
48,53,3.37105117137073
48,54,3.36821287925808
48,55,2.13769244747695
48,56,2.13755842025429
48,57,1.07974534034651
49,50,2.94119856521113
49,51,3.0545449742965
49,52,3.69219081305395
49,53,4.0614975070779
49,54,2.64387026913198
49,56,4.11472745148448
49,58,2.66765008949825
49,59,4.02528980323156
49,60,4.71599756149216
49,61,4.3873988877238
49,62,4.47382565596828
49,63,4.31646093460835
49,67,1.98924181536584
49,68,4.71039955842389
49,69,4.36464855400753
49,71,3.45868732324852
49,72,4.56119775936102
49,73,4.71524898600275
50,51,2.93323268766731
50,52,2.26341997870479
50,53,3.27400626144789
50,54,4.42800056458894
50,58,3.27320790662616
50,59,4.53933838791514
50,60,4.97917824545376
50,61,4.40348861699449
50,67,3.50804817526784
50,68,4.73838759495253
50,71,4.98011194653293
51,52,1.76005227195104
51,53,3.66306551947955
51,54,2.37893484568199
51,56,4.63326159416884
51,58,2.83335101955264
51,59,3.94915396002739
51,62,4.61145324165821
51,63,4.05302430291258
51,64,4.67537260547221
51,65,3.77518105526079
51,67,2.84037075044791
51,68,3.89956420642102
51,71,3.03534923855559
51,72,4.77094896220867
51,73,2.69791956885301
51,74,4.21387873579675
51,75,4.30831684071634
52,53,2.4450629848738
52,54,3.63005495826165
52,55,4.68120561394178
52,58,3.98786985745523
52,67,4.10490414017185
52,71,4.74824104274414
52,73,4.3412000644983
53,54,4.2536518428287
53,55,2.46233771038824
53,56,4.91841864830557
53,57,4.26315282390862
54,55,4.91776138095374
54,56,2.45680076522293
54,57,4.26078185313447
54,58,3.61970178329652
54,59,4.70371448963476
54,62,4.67978439674308
54,63,3.68149276788642
54,64,4.63318831907359
54,65,3.83769240560001
54,67,2.94635316959797
54,69,4.9217591367315
54,71,2.6861098264963
54,72,3.85358599229341
54,73,2.99000953175738
54,74,4.68808073735937
54,75,3.82414081853689
55,56,4.26413285440311
55,57,2.46228085319283
56,57,2.4643753772508
56,71,4.83089267113232
58,59,1.45654213807909
58,60,2.45636112980156
58,61,2.65078667568705
58,62,2.45060747570883
58,63,2.85307798701683
58,64,4.14154862340164
58,65,4.41478991572646
58,66,3.60402053268291
58,67,0.980360137908514
58,68,2.0620215808764
58,69,2.80753842360172
58,70,3.3616003629224
58,71,2.30910740330544
58,72,3.60651743375795
58,73,3.65672667832858
59,60,1.52550221238778
59,61,2.38547877793956
59,62,1.53114662916391
59,63,2.55647354768243
59,64,3.6148053889525
59,65,4.40582580227589
59,66,2.38471360963953
59,67,2.11445808660281
59,68,1.07886143688613
59,69,2.13900420756949
59,70,2.13889457430702
59,71,2.57762022028071
59,72,3.3995015811145
59,73,3.9465292346567
59,74,4.94454578298149
60,61,1.24923976881942
60,62,2.50373181471179
60,63,3.87304195691191
60,64,4.95791296817522
60,66,1.24821552626139
60,67,3.09825015129508
60,68,2.13383153036972
60,69,2.62076439231
60,70,2.81428587744742
60,71,4.00510811339719
60,72,4.53432795461466
61,62,3.48720360747691
61,63,4.72093147588482
61,66,2.20036587866655
61,67,3.23012414622101
61,68,3.03780858514818
61,69,3.40024557936629
61,70,3.98387160937699
61,71,4.63868461958776
62,63,1.52060875967489
62,64,2.77014151263072
62,65,3.99651110345011
62,66,2.88812897911433
62,67,2.54658732424396
62,68,2.14062140510647
62,69,1.07990231039664
62,70,1.08015091538173
62,71,2.13224810939065
62,72,2.12929213589869
62,73,3.82360942042986
62,74,4.70237673947973
62,75,4.65047406185649
63,64,1.80327784880755
63,65,2.7716085582203
63,66,4.38120782433338
63,67,2.62478265766901
63,68,2.8927058267304
63,69,2.12297856795588
63,70,2.12382791204937
63,71,1.08086863216582
63,72,1.08083578771245
63,73,2.68433492694187
63,74,3.66664096960692
63,75,3.24057988637836
64,65,1.79093188033493
64,67,4.15718979600403
64,68,3.40205702480132
64,69,3.62458728685074
64,70,2.70314372536867
64,71,2.38015335640374
64,72,2.37995147009346
64,73,2.38005062971358
64,74,2.37979894108725
64,75,2.38020020166372
65,67,4.37191788577965
65,68,4.07676060126174
65,69,4.84663862898814
65,70,4.23538085654643
65,71,2.61399407038348
65,72,3.35443437855028
65,73,1.08005092472531
65,74,1.07917653792139
65,75,1.08041010732036
66,67,4.20192455905624
66,68,2.7243672659904
66,69,2.9796409179631
66,70,2.73619900592044
66,71,4.77122384719057
66,72,4.97396622425203
67,68,2.85414838436967
67,69,2.66629818287453
67,70,3.59470235207312
67,71,1.95362560384532
67,72,3.14204933124864
67,73,3.60354630884633
67,75,4.92103098953868
68,69,3.0140452883127
68,70,2.37870679151509
68,71,2.91069510598414
68,72,3.89463900766169
68,73,3.68470690828999
68,74,4.39644981775068
69,70,1.75690324150193
69,71,2.67147917828307
69,72,2.24833627378113
69,73,4.63639450435357
70,71,2.95925091872927
70,72,2.66149600788729
70,73,4.29480255657929
70,74,4.78822357456291
70,75,4.92913065357371
71,72,1.76339587160683
71,73,2.12527904050268
71,74,3.54751025368497
71,75,3.08760279181115
72,73,3.38247453796773
72,74,4.33700703250525
72,75,3.50825968252067
73,74,1.76283805268663
73,75,1.7636961189502
74,75,1.7629628470277
