I,J,L,U
1,2,1.526,1.526
1,3,2.49138953584023,2.49138953584023
1,4,2.95105342187701,3.60684307118301
1,5,3.96254178733856,4.84310662896935
2,3,1.526,1.526
2,4,2.49138953584023,2.49138953584023
2,5,2.91771412022387,3.56609503582918
2,6,3.938041463677,4.81316178893856
3,4,1.526,1.526
3,5,2.49138953584023,2.49138953584023
3,6,2.92620584832005,3.57647381461339
3,7,3.58501237306968,4.38168178930739
4,5,1.526,1.526
4,6,2.49138953584023,2.49138953584023
4,7,2.62201570747733,3.20468586469451
4,8,3.61995179379591,4.42438552575056
5,6,1.526,1.526
5,7,2.49138953584023,2.49138953584023
5,8,2.95499116474994,3.61165586802771
6,7,1.526,1.526
6,8,2.49138953584023,2.49138953584023
7,8,1.526,1.526
